_firestoreId,_type,id,name,category,stock,room,shelf,manufacturer,modelNumber,partNumber,barcode,productCategory,isDiscontinued,minStock,guideUrl,isFaulty,price,description,brochureUrl,weaveFileUrl,weaveConfigured,updatedAt,weaveTemplateId,imageUrl,warrantyEndDate,purchaseDate
04S4u2Brwie4gOUT0iko,Product,6648,,,,,,,,,,Kablo,,,,,,,,,,,,,,
0fHYlw5jlp959B2HRxVe,Product,UDS-000HSS,,,,,,,,,,Aksesuar,,,,,,,,,,,,,,
0hOxe2j0uEwDTHAfKRdP,Product,4496,BN360-L110,Stok Malzemesi,7,Depo,A1,Brigade Electronics,BN360-L110,4496,4496,,,,,,,,,,,,,,,
0pNsHzvS29xmluKMpyDR,Product,3749,UDS-001DP,Stok Malzemesi,1,Depo,A1,Brigade Electronics,UDS-001DP,3749,3749,,,,,,,,,,,,,,,
1RtbxzePBGyvTyRrhttb,Product,4495,,,,,,,,,,Sistem,,,,,,,,,,,,,,
1Y6A7fc1ACfiLXiy4cIk,Product,5798,,,,,,,,,,Sistem,,,,,,,,,,,,,,
1damWf27L98uwIE0fHCU,Product,5677,,,,,,,,,,Aksesuar,,,,,,,,,,,,,,
1iKrExeTgQk97suMhvnS,Product,7145,VBV-3120C,Stok Malzemesi,4,Depo,A1,Brigade Electronics,VBV-3120C,7145,7145,,,,,,,,,,,,,,,
1xsos6elGjeBugfFpjbw,Product,6291,DC-102_UK_32GB_HG,Stok Malzemesi,5,Depo,A1,Brigade Electronics,DC-102_UK_32GB_HG,6291,6291,,,,,,,,,,,,,,,
2VccvrckjSwcg4EW3PJK,Product,BS-00NYC,BS-00NYC,Stok Malzemesi,4,Depo,A1,Brigade Electronics,BS-00NYC,,BS-00NYC,,,,,,,,,,,,,,,
2bcFr2QUCjqjkUWfZYuB,Product,7088,,,,,,,,,,Diğer,,,,,,,,,,,,,,
30tPFrSmhtpo2zZlsPTn,Product,3721,UDS-00SS,Stok Malzemesi,27,Depo,A1,Brigade Electronics,UDS-00SS,3721,3721,,,,,,,,,,,,,,,
3BdnXWJnRMEexhRlWP85,Product,4495,BN360-L115,Stok Malzemesi,6,Depo,A1,Brigade Electronics,BN360-L115,4495,4495,,,,,,,,,,,,,,,
3IRVw7wSe1UgZ4cEKGK8,Product,AC-001,AC-001,Stok Malzemesi,1,Depo,A1,Brigade Electronics,AC-001,,AC-001,,,,,,,,,,,,,,,
3z0WLRVKePCToR5c2Gx6,Product,5794,BN360-PWR-01,Stok Malzemesi,1,Depo,A1,Brigade Electronics,BN360-PWR-01,5794,5794,,,,,,,,,,,,,,,
4B0JEECT6nxnOL94dknz,Product,5810,BN360-H315,Stok Malzemesi,1,Depo,A1,Brigade Electronics,BN360-H315,5810,5810,,,,,,,,,,,,,,,
4JhfQdDOu2fGH55PnEQJ,Product,7089,DW-2000RX,Stok Malzemesi,3,Depo,A1,Brigade Electronics,DW-2000RX,7089,7089,,,,,,,,,,,,,,,
5CqxfaHiwdxQ85KbPvMr,Product,7477,DC-204-AI,Stok Malzemesi,1,Depo,A1,Brigade Electronics,DC-204-AI,7477,7477,,,,,,,,,,,,,,,
5TBxNDHEnR5C5Dw8rvX3,Product,4520,,,,,,,,,,Sistem,,,,,,,,,,,,,,
5fUSpRMsU5FlnTbj3MkZ,Product,UDS-00HSS,,,,,,,,,,Aksesuar,,,,,,,,,,,,,,
5ifngUEsVt0qODAay5BF,Product,7477,,,,,,,,,,Sistem,,,,,,,,,,,,,,
66D2LzZuL8F9lO57GrzN,Product,4279,AC-044,Stok Malzemesi,4,Depo,A1,Brigade Electronics,AC-044,4279,4279,,true,,,,,,,,,,,,,
67MvurVa1uEe5sKmvibh,Product,4493,,,,,,,,,,Sistem,,,,,,,,,,,,,,
6DHleLVFHEQDTn2d9Fpl,Product,5623,UDS-7.0SC,Stok Malzemesi,57,Depo,A1,Brigade Electronics,UDS-7.0SC,5623,5623,,,,,,,,,,,,,,,
6ZO83zRZni8VAJKXldep,Product,3721,,,,,,,,,,Aksesuar,,,,,,,,,,,,,,
70F3rfblyBqSd4kFOyMj,Product,5798,BN360-VIN-01,Stok Malzemesi,1,Depo,A1,Brigade Electronics,BN360-VIN-01,5798,5798,,,,,,,,,,,,,,,
7B9O9oTlfp7p1rH85fNF,Product,4493,BN360-L120,Stok Malzemesi,3,Depo,A1,Brigade Electronics,BN360-L120,4493,4493,,,,,,,,,,,,,,,
7ctaaztxxWKtHEuyDMTv,Product,5623,,,,,,,,,,Aksesuar,,,,,,,,,,,,,,
7e4hOKUCLCByVG8PlxWV,Product,5802,BN360-1000C,Stok Malzemesi,4,Depo,A1,Brigade Electronics,BN360-1000C,5802,5802,,,,,,,,,,,,,,,
7zw4HQ0IDAzNUqQgACvG,Product,5811,,,,,,,,,,Sistem,,,,,,,,,,,,,,
8HXMqSlUN4TE9cRVjNqY,Product,4279,,,,,,,,,,Kablo,,,,,,,,,,,,,,
8URubYYd9XPk9N6qSxON,Product,3749,,,,,,,,,,Aksesuar,,,,,,,,,,,,,,
8dJwAqvWJAYNimMIo7tL,Product,5794,,,,,,,,,,Sistem,,,,,,,,,,,,,,
8ihmWk8lJum3w0EnQ7MP,Product,A3747,FS-4000W,Stok Malzemesi,1,Depo,A1,Brigade Electronics,FS-4000W,A3747,A3747,,,,,,,,,,,,,,,
8jGctMmzaOjUAA6uW5Uh,Product,5466,VBV-7100C,Stok Malzemesi,4,Depo,A1,Brigade Electronics,VBV-7100C,5466,5466,,,,,,,,,,,,,,,
8jrCVEn8Ho202c44A6TJ,Product,6293,DC-IR-CAM,Stok Malzemesi,4,Depo,A1,Brigade Electronics,DC-IR-CAM,6293,6293,,,,,,,,,,,,,,,
8s0AmXHoQxxc1kl7mqkd,Product,BS-00NYC,BS-00NYC,Stok Malzemesi,4,Depo,A1,Brigade Electronics,BS-00NYC,,BS-00NYC,,,,,,,,,,,,,,,
95CCGsoCFhCq8dEHxXnt,Product,4494,,,,,,,,,,Sistem,,,,,,,,,,,,,,
9UO0nnKMFsiR1OzzteWk,Product,S3702,AC-035,Stok Malzemesi,10,Depo,A1,Brigade Electronics,AC-035,S3702,S3702,,,,,,,,,,,,,,,
9bYVU55PrmtCRpY2yY6z,Product,6293,,,,,,,,,,Sistem,,,,,,,,,,,,,,
9sBmyCvzZQBayK4Nb5yZ,Product,5849,,,,,,,,,,Sensor,,,,,,,,,,,,,,
9vGGcwjeFuGZUfDzjzX7,Product,6296,LOCKING -BOX,Stok Malzemesi,11,Depo,A1,Brigade Electronics,LOCKING -BOX,6296,6296,,,,,,,,,,,,,,,
9vRGpEfYlxNe2FrZUfxW,Product,5793,BN360-INT-01,Stok Malzemesi,1,Depo,A1,Brigade Electronics,BN360-INT-01,5793,5793,,,,,,,,,,,,,,,
9xq4zKlgPdd0RCI5hopM,Product,5833A,,,,,,,,,,Sistem,,,,,,,,,,,,,,
ARsMbLtyqpYtt2BJQRhk,Product,4496,,,,,,,,,,Sistem,,,,,,,,,,,,,,
ATm9J9PkaJPK2BDE1AN9,Product,4486,,,,,,,,,,Sistem,,,,,,,,,,,,,,
Aj8a60kb6wqR0FfNQXo2,Product,5833A,BN360-300-ECU,Stok Malzemesi,,Depo,A1,Brigade Electronics,BN360-300-ECU,5833A,5833A,,,,,,,,,,,,,,,
B6vR1YBzk7nnMMrJ1wJn,Product,5611,VBV-770HM,Stok Malzemesi,,Depo,A1,Brigade Electronics,VBV-770HM,5611,5611,,,,,,,,,,,,,,,
BFrJq5rzp9MPazGEKcgD,Product,S5775,VBV-670M-M,Stok Malzemesi,,Depo,A1,Brigade Electronics,VBV-670M-M,S5775,S5775,,,,,,,,,,,,,,,
BVnVEcqg8AS2A3m7TXOM,Product,4520,BN360-CT-01,Stok Malzemesi,1,Depo,A1,Brigade Electronics,BN360-CT-01,4520,4520,,,,,,,,,,,,,,,
BZvJFUENdPL2uTkLvRhx,Product,4520,BN360-CT-01,Stok Malzemesi,1,Depo,A1,Brigade Electronics,BN360-CT-01,4520,4520,,,,,,,,,,,,,,,
Biwg3N8lw12HP1EFwd9l,Product,BS-9001T,,,,,,,,,,Sensor,,,,,,,,,,,,,,
BjM3x1CzEeRUqu66WiOT,Product,4485,BN360-100C,Stok Malzemesi,1,Depo,A1,Brigade Electronics,BN360-100C,4485,4485,,,,,,,,,,,,,,,
Bu4S1V5EquFLGeKV9zaF,Product,7477,DC-204-AI,Stok Malzemesi,1,Depo,A1,Brigade Electronics,DC-204-AI,7477,7477,,,,,,,,,,,,,,,
CjrVlAqpzifC2ze5uWZJ,Product,5798,BN360-VIN-01,Stok Malzemesi,1,Depo,A1,Brigade Electronics,BN360-VIN-01,5798,5798,,,,,,,,,,,,,,,
DAK1KSrjGQWNmx2ssILe,Product,A3744,,,,,,,,,,Sensor,,,,,,,,,,,,,,
DfbdJe8j8D6QOg4D8y88,Product,AC-014,AC-014,Stok Malzemesi,,Bölge 2,Raf 1,Brigade Electronics,AC-014,,AC-014,Kablo,,,,,,,,,,,,,,
DtyZQpaYPtOK91ESe1s5,Product,4279,AC-044,Stok Malzemesi,4,Depo,A1,Brigade Electronics,AC-044,4279,4279,,true,,,,,,,,,,,,,
EKnc5Y7wHAkPiFIUuSJ0,Product,5800A,BN360-300,Stok Malzemesi,1,Depo,A1,Brigade Electronics,BN360-300,5800A,5800A,,,,,,,,,,,,,,,
EkmqoXVyOLhgQrJq9klU,Product,7491,VBV-AI820,Stok Malzemesi,2,Depo,A1,Brigade Electronics,VBV-AI820,7491,7491,,,,,,,,,,,,,,,
EyiF2S3NFuMzztz3VOLQ,Product,4495,BN360-L115,Stok Malzemesi,6,Depo,A1,Brigade Electronics,BN360-L115,4495,4495,,,,,,,,,,,,,,,
FBYrEwcOfB0Vhienggid,Product,4486,BN360-10H-01,Stok Malzemesi,1,Depo,A1,Brigade Electronics,BN360-10H-01,4486,4486,,,,,,,,,,,,,,,
FYUd26f6fd89fzeUMyHq,Product,4910A,,,,,,,,,,Diğer,,,,,,,,,,,,,,
FbeGf11yhKYOTeBRCt9O,Product,5522,VBV-H4025,Stok Malzemesi,1,Depo,A1,Brigade Electronics,VBV-H4025,5522,5522,,,,,,,,,,,,,,,
GX3jmetT7tZWlCJbGmGp,Product,5794,BN360-PWR-01,Stok Malzemesi,1,Depo,A1,Brigade Electronics,BN360-PWR-01,5794,5794,,,,,,,,,,,,,,,
GZKEcR29DQnd2kXTKb1d,Product,4486,BN360-10H-01,Stok Malzemesi,1,Depo,A1,Brigade Electronics,BN360-10H-01,4486,4486,,,,,,,,,,,,,,,
GpxvZZPkpbigqUA6NtA9,Product,S5802A,,,,,,,,,,Sistem,,,,,,,,,,,,,,
HIbxfAwI2QlXP7vbdwfg,Product,7490,,,,,,,,,,Diğer,,,,,,,,,,,,,,
I94Qw58hyFzlC7Q30bsU,Product,6582,MDR-644,Stok Malzemesi,1,Depo,A1,Brigade Electronics,MDR-644,6582,6582,,,,,,,,,,,,,,,
IOqOL160vHbyux2TK8EZ,Product,A0991,,,,,,,,,,Sistem,,,,,,,,,,,,,,
IP1uwmcL4cTuRYRUUBhU,Product,F3154,VBV-L4005,Stok Malzemesi,10,Depo,A1,Brigade Electronics,VBV-L4005,F3154,F3154,,,,,,,,,,,,,,,
IPjuKpiKQx4rtc8Mzuhy,Product,2808C,VBV-710C,Stok Malzemesi,2,Depo,A1,Brigade Electronics,VBV-710C,2808C,2808C,,true,,,,,,,,,,,,,
ISVdUdJum16HMYTmZB8X,Product,3726,UDS-00SM,Stok Malzemesi,20,Depo,A1,Brigade Electronics,UDS-00SM,3726,3726,,,,,,,,,,,,,,,
IVncAYdHi6O9tAdrRcwh,Product,6291,,,,,,,,,,Sistem,,,,,,,,,,,,,,
Ig80DCPd71lwVr2bLMyC,Product,6296,LOCKING -BOX,Stok Malzemesi,11,Depo,A1,Brigade Electronics,LOCKING -BOX,6296,6296,,,,,,,,,,,,,,,
IvcRdGl5LLxM3AObYBvo,Product,A3744,BS-4000W,Stok Malzemesi,2,Depo,A1,Brigade Electronics,BS-4000W,A3744,A3744,,,,,,,,,,,,,,,
J7MlP445wdHJOaaY5iKi,Product,AC-001,,,,,,,,,,Kablo,,,,,,,,,,,,,,
JeOUUf6aSNYWsMBupz7a,Product,A0990,,,,,,,,,,Sistem,,,,,,,,,,,,,,
JpMKILMWjGG0Dps9EODv,Product,5466,VBV-7100C,Stok Malzemesi,4,Depo,A1,Brigade Electronics,VBV-7100C,5466,5466,,,,,,,,,,,,,,,
JzNcIDf4de6Ah26vTM6M,Product,AC-014,AC-014,Stok Malzemesi,10,Depo,A1,Brigade Electronics,AC-014,,AC-014,,,,,,,,,,,,,,,
KqiEe048HOhcAbMKZ4ia,Product,S5201,,,,,,,,,,Sistem,,,,,,,,,,,,,,
LLY8AVM6znAIf4831ZWg,Product,5611,,,,,,,,,,Diğer,,,,,,,,,,,,,,
Lx4PPOFMaqznMMJVRV75,Product,4498,BN360-L105,Stok Malzemesi,3,Depo,A1,Brigade Electronics,BN360-L105,4498,4498,,,,,,,,,,,,,,,
LyAtKZUxGDAH0rzIUaBY,Product,5833A,BN360-300-ECU,Stok Malzemesi,,Depo,A1,Brigade Electronics,BN360-300-ECU,5833A,5833A,,,,,,,,,,,,,,,
M6XhSo0Ysx46M8x9WUpm,Product,5800A,BN360-300,Stok Malzemesi,1,Depo,A1,Brigade Electronics,BN360-300,5800A,5800A,,,,,,,,,,,,,,,
M6q2DHLkvbRelzG9lCxy,Product,5812,BN360-H305,Stok Malzemesi,15,Depo,A1,Brigade Electronics,BN360-H305,5812,5812,,,,,,,,,,,,,,,
MOXVBqVXDdTjLHpiGsXK,Product,6292,DC-REAR-CAM,Stok Malzemesi,1,Depo,A1,Brigade Electronics,DC-REAR-CAM,6292,6292,,,,,,,,,,,,,,,
MeIiVvyGKQtBn6WvwjD6,Product,3720,UDS-4.5SC,Stok Malzemesi,9,Depo,A1,Brigade Electronics,UDS-4.5SC,3720,3720,,,,,,,,,,,,,,,
MhOSkycrw21RBnnB83TU,Product,5810,,,,,,,,,,Sistem,,,,,,,,,,,,,,
Mip06Kok3N67rr6MJNZx,Product,xtPemfPGCxwBhyQDdpi7,UDS On Screen Display,Stok Malzemesi,,,,Brigade Electronics,UDS-OSD20,5099,2412300549,Monitor,,,,,200.89,,,,,,,,,
N0cAnUZGFywKLwY6ZQtz,Product,4493,BN360-L120,Stok Malzemesi,3,Depo,A1,Brigade Electronics,BN360-L120,4493,4493,,,,,,,,,,,,,,,
NARiMsvpJYF8zDqi4wwZ,Product,5516,VBV-H410,Stok Malzemesi,2,Depo,A1,Brigade Electronics,VBV-H410,5516,5516,,,,,,,,,,,,,,,
NOg9bQDr6m69vEi8l64w,Product,4267,AC-055,Stok Malzemesi,10,Depo,A1,Brigade Electronics,AC-055,4267,4267,,,,,,,,,,,,,,,
NpbobejG0uMJrmVRxkuv,Product,A3744,BS-4000W,Stok Malzemesi,2,Depo,A1,Brigade Electronics,BS-4000W,A3744,A3744,,,,,,,,,,,,,,,
O05xGPkLdkzdWJI3UhlT,Product,AC-001,AC-001,Stok Malzemesi,1,Depo,A1,Brigade Electronics,AC-001,,AC-001,,,,,,,,,,,,,,,
OK7W3NTJh6TNw1ggpgS5,Product,7508,,,,,,,,,,Diğer,,,,,,,,,,,,,,
OUkhz64szSEE5bVSKLi0,Product,4496,BN360-L110,Stok Malzemesi,7,Depo,A1,Brigade Electronics,BN360-L110,4496,4496,,,,,,,,,,,,,,,
OdqzA2WjBU1924scOzp5,Product,6292,DC-REAR-CAM,Stok Malzemesi,1,Depo,A1,Brigade Electronics,DC-REAR-CAM,6292,6292,,,,,,,,,,,,,,,
OmoMjhex5O6vXtSlA0v5,Product,5611A,VBV-770HM,Stok Malzemesi,3,Depo,A1,Brigade Electronics,VBV-770HM,5611A,5611A,,,,,,,,,,,,,,,
OqkP0RlUf3ax79AeYikR,Product,7088,DW-2000TX,Stok Malzemesi,3,Depo,A1,Brigade Electronics,DW-2000TX,7088,7088,,,,,,,,,,,,,,,
OzUUvUGOWWfq8WrjAWiD,Product,4498,BN360-L105,Stok Malzemesi,3,Depo,A1,Brigade Electronics,BN360-L105,4498,4498,,,,,,,,,,,,,,,
PBTAGHZ9GJQRUPNOLHvh,Product,4043,DW-1000TX,Stok Malzemesi,1,Depo,A1,Brigade Electronics,DW-1000TX,4043,4043,,,,,,,,,,,,,,,
PD8lKsBEzQZpT5nsDyuv,Product,2808C,VBV-710C,Stok Malzemesi,2,Depo,A1,Brigade Electronics,VBV-710C,2808C,2808C,,true,,,,,,,,,,,,,
Q5z8sdsf9VupaX0Tng0J,Product,7321,VBV-2220C-AI-D04,Stok Malzemesi,1,Depo,A1,Brigade Electronics,VBV-2220C-AI-D04,7321,7321,,,,,,,,,,,,,,,
QNJTHfFcvUThx8ztS6li,Product,S5802A,BN360-1000C,Stok Malzemesi,6,Depo,A1,Brigade Electronics,BN360-1000C,S5802A,S5802A,,,,,,,,,,,,,,,
QNndyFAgN126RpFBIl31,Product,5611A,VBV-770HM,Stok Malzemesi,3,Depo,A1,Brigade Electronics,VBV-770HM,5611A,5611A,,,,,,,,,,,,,,,
QOHXVCTQjGvIwYqcUO6x,Product,A1386,VBV-L410,Stok Malzemesi,3,Depo,A1,Brigade Electronics,VBV-L410,A1386,A1386,,true,,,,,,,,,,,,,
QRvpRkNY6v1OMBXs8acZ,Product,5266,BS-9000,Stok Malzemesi,1,Depo,A1,Brigade Electronics,BS-9000,5266,5266,,,,,,,,,,,,,,,
Qed9tMM4ydhc6Mhd3eUt,Product,S5775,,,,,,,,,,Diğer,,,,,,,,,,,,,,
QgsJw1LkWnhWXHpz4aWD,Product,2808C,,,,,,,,,,Diğer,,,,,,,,,,,,,,
QnSDqvTbGtbSp943IPGR,Product,6648,AC-H305,Stok Malzemesi,9,Depo,A1,Brigade Electronics,AC-H305,6648,6648,,,,,,,,,,,,,,,
QyOXah4PWSfkTINd9m0o,Product,5813,,,,,,,,,,Sistem,,,,,,,,,,,,,,
RfJaDqIsa3dgHuMiMzUy,Product,S5775,VBV-670M-M,Stok Malzemesi,,Depo,A1,Brigade Electronics,VBV-670M-M,S5775,S5775,,,,,,,,,,,,,,,
Rslz1LZL1e2wKCAlO2N6,Product,7145,,,,,,,,,,Diğer,,,,,,,,,,,,,,
RyUk3HIyoR2TlGhGwtdn,Product,7089,DW-2000RX,Stok Malzemesi,3,Depo,A1,Brigade Electronics,DW-2000RX,7089,7089,,,,,,,,,,,,,,,
RzyKEyr1mYINfogZRfKW,Product,4864,BN360-100C-MK,Stok Malzemesi,1,Depo,A1,Brigade Electronics,BN360-100C-MK,4864,4864,,,,,,,,,,,,,,,
TB3CjkzMCIs4M3ROnZPe,Product,BS-9001T,BS-9001T,Stok Malzemesi,1,Depo,A1,Brigade Electronics,BS-9001T,,BS-9001T,,,,,,,,,,,,,,,
TDLbt4MU8baaetF6xDS7,Product,3726,,,,,,,,,,Aksesuar,,,,,,,,,,,,,,
TM13XCdX9vjIWg6QRNkL,Product,A1499,VBV-L405,Stok Malzemesi,8,Depo,A1,Brigade Electronics,VBV-L405,A1499,A1499,,true,,,,,,,,,,,,,
TYuIg66FK0fKZTUvHzZQ,Product,4489,BN360-CP-01,Stok Malzemesi,1,Depo,A1,Brigade Electronics,BN360-CP-01,4489,4489,,,,,,,,,,,,,,,
UHHFpbTTBISksXERrwHB,Product,3719,UDS-2.5SC,Stok Malzemesi,2,Depo,A1,Brigade Electronics,UDS-2.5SC,3719,3719,,,,,,,,,,,,,,,
ULYa4Q05asW3nAycRK00,Product,4494,BN360-L1025,Stok Malzemesi,5,Depo,A1,Brigade Electronics,BN360-L1025,4494,4494,,,,,,,,,,,,,,,
UTAGvIyxRJZJ65BTvCSr,Product,5812,BN360-H305,Stok Malzemesi,15,Depo,A1,Brigade Electronics,BN360-H305,5812,5812,,,,,,,,,,,,,,,
V2WjvxHykdFOaO58VNpE,Product,7089,,,,,,,,,,Diğer,,,,,,,,,,,,,,
V84NHi7XkYC7WpNZ0mvH,Product,5811,BN360-H310,Stok Malzemesi,11,Depo,A1,Brigade Electronics,BN360-H310,5811,5811,,,,,,,,,,,,,,,
VI34UctS6EdLzjJ7fpg9,Product,2724D,VBV-790C,Stok Malzemesi,1,Depo,A1,Brigade Electronics,VBV-790C,2724D,2724D,,,,,,,,,,,,,,,
VRTIj21bv1T8ny2b5FYM,Product,3176B,,,,,,,,,,Diğer,,,,,,,,,,,,,,
Vi1hPLnXDDe77EviAA4s,Product,A2099,,,,,,,,,,Diğer,,,,,,,,,,,,,,
Vwalv7hFvHGZkXnM1dNQ,Product,5813,BN360-H3025,Stok Malzemesi,5,Depo,A1,Brigade Electronics,BN360-H3025,5813,5813,,,,,,,,,,,,,,,
Vyt3ZgcpC4nIb094nGrn,Product,kiHrMVzPeX5EfVUdqBrE,Coiled Cable Kit Elite for 1 Camera + UDS 15 pin,Stok Malzemesi,,,,Brigade Electronics,SK-15-04,,202093,Kablo,,,,,420.04,,,,,,,,,
W7Zy80oUP0TFmGNq2DyG,Product,5863,UDS-CAN-ECU,Stok Malzemesi,2,Depo,A1,Brigade Electronics,UDS-CAN-ECU,5863,5863,,,,,,,,,,,,,,,
WDCX8ofTmxZhOjxhtMdz,Product,5517,,,,,,,,,,Kablo,,,,,,,,,,,,,,
WDo2voPsFqShvgUtZ6fF,Product,4569A,VBV-7XXFM-CA,Stok Malzemesi,1,Depo,A1,Brigade Electronics,VBV-7XXFM-CA,4569A,4569A,,,,,,,,,,,,,,,
WIvaI0u2gXTgeuOP4rdt,Product,4903,,,,,,,,,,Kablo,,,,,,,,,,,,,,
WKJnSDUl3eWKQrGke15D,Product,MgPgxsBrQnvUVsFMCGxi,BC-VI   ,Stok Malzemesi,87,Depo,A1,Brigade Electronics,BC-VI ,A0815,A0815,Sistem,,,,,220.39,,,,,,,,,
WOI4rxxSV8S7rk3RmZfC,Product,3721,UDS-00SS,Stok Malzemesi,27,Depo,A1,Brigade Electronics,UDS-00SS,3721,3721,,,,,,,,,,,,,,,
WlHlDZBFhMU7IAjLKzOn,Product,4910A,DMC-1025,Stok Malzemesi,1,Depo,A1,Brigade Electronics,DMC-1025,4910A,4910A,,true,,,,,,,,,,,,,
X5jxmirQGYhcgOTTuynt,Product,5849,CS-3100T,Stok Malzemesi,1,Depo,A1,Brigade Electronics,CS-3100T,5849,5849,,,,,,,,,,,,,,,
XIw8BXGdUhqT67uInE6t,Product,3719,UDS-2.5SC,Stok Malzemesi,2,Depo,A1,Brigade Electronics,UDS-2.5SC,3719,3719,,,,,,,,,,,,,,,
XVK4c0kRDYg8a7MjnAJN,Product,5288,UDS-CBL002,Stok Malzemesi,1,Depo,A1,Brigade Electronics,UDS-CBL002,5288,5288,,,,,,,,,,,,,,,
XZ4r16zQdKAxRtjqMMHc,Product,5802,,,,,,,,,,Sistem,,,,,,,,,,,,,,
YqXvhbu5XeVKASE2YpnQ,Product,4267,,,,,,,,,,Kablo,,,,,,,,,,,,,,
ZHpRtBt206T9Ab9GxjIq,Product,5266,BS-9000,Stok Malzemesi,1,Depo,A1,Brigade Electronics,BS-9000,5266,5266,,,,,,,,,,,,,,,
ZaqYTiaVaIwACE6qJHdc,Product,A1499,VBV-L405,Stok Malzemesi,8,Depo,A1,Brigade Electronics,VBV-L405,A1499,A1499,,true,,,,,,,,,,,,,
Zgc1zasGqWW2PY9Sl5TS,Product,5813,BN360-H3025,Stok Malzemesi,5,Depo,A1,Brigade Electronics,BN360-H3025,5813,5813,,,,,,,,,,,,,,,
ZmLpgZBFl4eWfzPRrhfX,Product,7321,,,,,,,,,,Kamera,,,,,,,,,,,,,,
a2HySnWTeRnWr9Tkgd98,Product,F3154,,,,,,,,,,Kablo,,,,,,,,,,,,,,
a3QqhyMAvUcH116B0JJE,Product,3749,UDS-001DP,Stok Malzemesi,1,Depo,A1,Brigade Electronics,UDS-001DP,3749,3749,,,,,,,,,,,,,,,
a40VeaV95nIqCCAaoTCL,Product,6291,DC-102_UK_32GB_HG,Stok Malzemesi,5,Depo,A1,Brigade Electronics,DC-102_UK_32GB_HG,6291,6291,,,,,,,,,,,,,,,
a6p05c39cxxOGbogpedZ,Product,4485,,,,,,,,,,Sistem,,,,,,,,,,,,,,
aMLkatHBBwsDRZg0xauT,Product,5803,,,,,,,,,,Sistem,,,,,,,,,,,,,,
b4xoZCzvT10ZtB0QM9QJ,Product,5849,CS-3100T,Stok Malzemesi,1,Depo,A1,Brigade Electronics,CS-3100T,5849,5849,,,,,,,,,,,,,,,
bKS7lda9WZIbPidWJKi2,Product,4569A,,,,,,,,,,Diğer,,,,,,,,,,,,,,
bqfSqcCdbUfoEv215gKj,Product,5812,,,,,,,,,,Sistem,,,,,,,,,,,,,,
bsayyrKPf0alZ1H5FcHO,Product,5266,,,,,,,,,,Sensor,,,,,,,,,,,,,,
cd9hxANp34SKbMljqozd,Product,5611A,VBV-770HM,Stok Malzemesi,,Depo,A1,Brigade Electronics,VBV-770HM,5611A,5611A,Diğer,,,,,,,,"data:image/jpeg;base64,/9j/4AAQSkZJRgABAQAAAQABAAD/4gHYSUNDX1BST0ZJTEUAAQEAAAHIAAAAAAQwAABtbnRyUkdCIFhZWiAH4AABAAEAAAAAAABhY3NwAAAAAAAAAAAAAAAAAAAAAAAAAAAAAAAAAAAAAQAA9tYAAQAAAADTLQAAAAAAAAAAAAAAAAAAAAAAAAAAAAAAAAAAAAAAAAAAAAAAAAAAAAAAAAAAAAAAAAAAAAlkZXNjAAAA8AAAACRyWFlaAAABFAAAABRnWFlaAAABKAAAABRiWFlaAAABPAAAABR3dHB0AAABUAAAABRyVFJDAAABZAAAAChnVFJDAAABZAAAAChiVFJDAAABZAAAAChjcHJ0AAABjAAAADxtbHVjAAAAAAAAAAEAAAAMZW5VUwAAAAgAAAAcAHMAUgBHAEJYWVogAAAAAAAAb6IAADj1AAADkFhZWiAAAAAAAABimQAAt4UAABjaWFlaIAAAAAAAACSgAAAPhAAAts9YWVogAAAAAAAA9tYAAQAAAADTLXBhcmEAAAAAAAQAAAACZmYAAPKnAAANWQAAE9AAAApbAAAAAAAAAABtbHVjAAAAAAAAAAEAAAAMZW5VUwAAACAAAAAcAEcAbwBvAGcAbABlACAASQBuAGMALgAgADIAMAAxADb/2wBDABALDA4MChAODQ4SERATGCgaGBYWGDEjJR0oOjM9PDkzODdASFxOQERXRTc4UG1RV19iZ2hnPk1xeXBkeFxlZ2P/2wBDARESEhgVGC8aGi9jQjhCY2NjY2NjY2NjY2NjY2NjY2NjY2NjY2NjY2NjY2NjY2NjY2NjY2NjY2NjY2NjY2NjY2P/wAARCACuAZADASIAAhEBAxEB/8QAGwABAAIDAQEAAAAAAAAAAAAAAAQFAwYHAgH/xABSEAABAwMABAcKCgYHBwUAAAABAAIDBAURBhIhMRNBUVWRk9EHFRY1UmFxdLLSFBciMlSBlKGjwVNzkqKx8CMkMzZCYnU0VmRygqSzQ0WDtOH/xAAUAQEAAAAAAAAAAAAAAAAAAAAA/8QAFBEBAAAAAAAAAAAAAAAAAAAAAP/aAAwDAQACEQMRAD8A0Onglqp2QU8bpJXnDWNGSStlj7n98ewOc2nYT/hdLtHQFn7mzW9+KuUtBfHTEtJ4jkLf4RDFTCebLY5Gh5dru2Egb+3p84c7+L298tL1h7E+L298tL1h7F0vVgP+GXoevurB5M3Q9BzP4vb3y0vWHsT4vb3y0vWHsXShHTtADWSgDYAGv2L1qweTN0PQcz+L298tL1h7E+L298tL1h7F0zVg8mboemrB5M3Q9BzP4vb3y0vWHsT4vb3y0vWHsXTNWDyZuh6asHkzdD0HM/i9vfLS9YexPi9vfLS9YexdM1YPJm6HpqweTN0PQcz+L298tL1h7E+L298tL1h7F0ox0xcHGOQuAIB1X5A/kBfdWDyZeh6Dmnxe3vlpesPYnxe3vlpesPYumasHkzdD15xCXiNofruBIDi5uwYydvpHSg5r8Xt75aXrD2KJctDLzbaV1TJCyWJgy8xO1i0cuORdbp4RBC2IOc4N2DPEORZNhHKg4Aik3KJsFzqooxhkcz2tHIA4hRkBERAREQEREBERAREQEREBERAREQEREBERAREQEREBERAREQEREG49zbxnXeqn2guhw+LaX0R/kud9zc4uNef+FP8AELokPi2l9Ef5IJHB6oHBEM2jZjIx6OL+d6+tft1XDVd9x9BXtfCA4EOAIO8FB9ReCHtOWnI8k/kUa8O2bQ4DJad4Qe0REBERAREQEREBRJPG1P8AqJfajUtRJPG1P+ol9qNBnni4enki13x8I0t14zhzcjGQeIrDQUho4ntLmEvfrkRs1GN2AYa3JxsA495JWeR4jjc92sQ0EkNaXH6gNp9AUe218VypG1MDJmxu3cLGWE7Admd427xsQcWvHjmu9Yk9oqGpl48c13rEntFQ0BERAREQEREBERAREQEREBERAREQEREBERAREQEREBERAREQEREG49zbxlX+qn+IXQ4dltpcckX5Lnnc28Z13qp9oLocPi6l9Ef5IJiIiAvLmtdjWGcbvMvSIMfy2YG17eM8Y2/z0ca9Nc14y0g8XoXpYqiIyxlrXBriN5GRuOMjIyPMgyoocctRDLKyZhkYMGMt3uznZ6dnLyk4GFIimjmbmN4cPN/H0ch40GRERAREQFEk8bU/6iX2o1LUSTxtT/qJfajQSgAM4G/eiw1sUlRQ1EMMpilkjcxkgOCwkYB2cihWCgrLdQvhr611ZKZC4SOc4kDAGNpPIelBx+8eOa71iT2ioamXjxzXesSe0VDQEREBERAREQEREBERAREQEREBERAREQEREBERAREQEVtSaNXatomVlPSh8Dw5zXcKwZDTg7Cc8SqUBERAREQbj3NvGdd6qfaC6HD4upfRH+S553Ntlyr/AFU/xC6HD4upfRH+SCYiIgIiICIiD4sZh1cmLVY4g7dXIJxsJ4zu5VlRBj4TBDXjVJ3cYP1/Wsi+LwIyzAjIDRgap3Aebk4uhBkReQ8F2qdjuQr0gKJJ42p/1EvtRqWoknjan/US+1GgkucGNLnHDQMkrFSVTKuNz2NlZqu1S2SMsI+o+YgrOiDhd48c13rEntFQ1MvHjmu9Yk9oqGgIiICIiAiIgIiICIiAiIgIiICIiAiIgLKyFr4g7hmNOthzXZ2DZt8+/cNuxYkQSquiNM0OFRBOC4tPAv1sYxtOzcc7PQVhZTzSML44ZHsGcua0kDG9fZ6iSd7XPxlrQwaoA2AYH3ca2LRnSeCzQ/08UksofI7IA26wZjbnYctOTg7MINZLXN+cCPSF8W8VulhvnCimZV0T4aeSQOiqMAkDO0Abelau2+3ZmdW41LcnJxIRk8qDomimPA2jzq54Goxt2/PPF/PEuVrdbbbr5crXFcG6QOjLmvLY3SO1gAXA9OoejzLXPCC8c51fWlBWorLwgvHOdX1pXlt9uzAQy41TQSScSned5QV6AE7lZeEF45zq+tKw1V1uFZHwdVWzzMznVfISMoNk7m4zcq8f8Kf4hdEh8W0ueSL8lzzubeM671U+0F0KE5oaSNuC8sY4NzjYMEn+HSEE1Fj1pP0f7ya0n6P95BkRY9aT9H+8mtJ+j/eQZEWPWk/R/vLxFO6Zge2IgEA7TjeM/mgzosLZi9z2ta1xYdVwDwdU4BwfqIP1r1rSfo/3kGRFgjmfI3Iixu3uHJn8171pP0f7yD05oc3DhsXkh7MkZe3yeMbOLl4t/SmtJ+j/AHk1pP0f7yD01wduO3k41Gk8bU/6iX2o1ldru2mLBG4h20fzhRw2cV8Us2oI2sfG0gnJLi0jOzA+advnCCY5uu1zXE4ds+SSCB6QsdLTimjLBLLJk5LpXlx/n+d5JWR5cGOLBl2Ng86+8qDhl48c13rEntFQ1MvHjmu9Yk9oqGgIiICIiAiIgIiICIiAiIgIiICIiAiIgIiICIiCxsv9pWepy+ysbLRcXsa9lFOWvAc0hhwQdxWSy/2lZ6nL7KXv/aaf1SD/AMbUG9aPULorLRSTOZHJDBKwxvOHAl0nF/1DH1rQu81y+gz/ALBWy2PRW2XCwsramapjmcxzgGyM1SQ5wAxq5/w9i0xBO7zXL6DP+wV8FouLt1FOduPmFQkQTu81y+gz/sFY5rbW07NealljZyubgKKiDbO5zURRXyaCRwaaiBzGE8bsg46AVv4rXUOITQVspa0DWijDm4A2DOR9fnJXFN25WI0gvDRgXWtx+vd2oOt9+Xc13HqR2p35dzXcepHauS+EN551rOud2p4Q3nnWs653ag6u2+PJx3mugHKYm+8vffl3Ndx6kdq5L4Q3nnWs653anhDeedazrndqDrXfl3Ndx6kdqqa+KK6Wuno6y3XZoic2TMTG/OAPGSdm0rnfhDeedazrndqeEN551rOud2oN8ba6FrnllvvLWP2FgjZjV1Q0tHGAWjBwduzO4YyUVFS0dfHWtobzJPG+R+s+KP5Tn/OJxhc/8IbzzrWdc7tTwhvPOtZ1zu1B1aG6vj1wbZcTlxI/oQMDk3rJ35dzXcepHauS+EN551rOud2p4Q3nnWs653ag6w69vbjFoubs8kLfzcvrb04jJtNyb5jE33lybwhvPOtZ1zu1W+it3udZpHR09TcauSJ7iHMMzsH5J86Doffl3Ndx6kdq+Ou5c0tNruWCMbIgD06y0LTO63Gg0kqKekuFVFC1rCGNmdgZaDyqj8IbzzrWdc7tQdopnSuhBmbh3FykcpHEfMhcylp3PnmOozLnPkIGBnP/AOLi/hDeedazrndqw1d2uNbEIquuqJ4wdbVkkLhlBjuEzKm41M8edSWV72534JJCjoiAiIgIiICIiAiIgIiICIiAiIgIiICmC015APwZ+CARnG47QoauauhluN9+DxPjYeAjcXyu1WtAiaSSeLcgh96a76M7pCd6a76M7pCneDT+d7P9tang0/nez/bWoIAtVcRkU7uTiX3vTXfRndIUt+jz2Pjb30tTtd2Mtq2kN2E5PINmPSQvfg0/nez/AG1qDzbaKppfhkk8RjZ8ElGSRvLdgXuqt7q+rbiohp2Q0FPI98xIaBqMbxA8bgvng0/nez/bWqRWBjO+kbJopuDttPGXxPD2ktfCDgjzhBsFlr7XRWNlFU3tmvGDqtic4MzrOO/GSDrDI8y1HvNDz1bP2pPcW46O2a3VGidJUTUNPJK9kuvI8fKOC7GOgLnKC17zQ89Wz9qT3F5ZaInAk3i3NwSNrpNvn+YqxEFr3mh56tn7UnuLBWW+OliD23GjqCTjUhLyfvaFBRAREQEREBERAREQEREBERAV5oX/AHsoP+d3slUattFamKj0koZ53BkbZMFx3DIIyelBN0//AL2VX/Kz2QtcXUNNtFJ7zKyuoXNNQyPUdE441wDkYPLtO9acdCtIR/7ceuj95BQIrii0VvVfSsqaWiMkMgy13CMGekrP4FaQ83Hro/eQUCK/8CtIebj10fvLzLodfoYnyy0OrGwFznGVhwBvOwoKJFfw6JVktzZQ/CaXXMhYS1xIGASeLzK6f3PWsr4qU3MnXYXa3AbsebWQaMi3aq7nU+u1tBcYJiMiThQWapGNmzW5fMqXR60xVGlsVsr2iSNskjJA1xAJa1247DvCCjRdLuugdrlnhZRyOoRqPe9xJkBALeU7N/KoLe51G6oMQujsYJ1uB9H+bzoNCRbDfNEayzzgGaKWBwJZJnBIyBtHEdo6VXiw3Z41o7dVSMO57InFp9BwghQQvqKiOGPGvI4MbnlJwFf1Og95paWWolZCI4mF7sSZ2AZKi2yz3KG80PC0FSw8Ow4dGQcA5J6AegrrN7Y6Sx3BjGlz3U0ga0DJJ1TsQcNRbZbNALnWwMmqJI6Rr/8ABICXj0tx+aumdzejEQD6+Z0urnAa1oP8fzQc5RdJf3NqLUdqV1RrY2ZDcZVf8WtTzlD1Z7UGjIt3f3OpY3Na+7U7XP2NBYQT6NqqpdDq6KV8ZqaTLXFp+U7i/wClBrq2Nvjur/013/1wsfgjW/SaT9p3uqc+31MV0q5yzMPwF8QeCPlO4DVwBv3jG5BHpjFHbonvZG2OGiE7i2nje57jOWb3DzjoWDvtQeQ77HB2LK9rmWaVr2lrha25BGCP62FriC8N0oTI12o/YCP9kg83mXrvtQeQ77HB2KhRBfd9qDyHfY4OxfJbpQywSQ/07GSgB/B08LCQCDjIHKB0KiRBult0kpqO2UtNFRVskdOyVofqj5WuTt2bNmVrWLRy13QztXQ9F3NbohbwZS1zoqgBmdjvlO2448fmuWoJ+LRy13QztQC08bq3oZ2qAiCfi0ctd0M7ViqPgHB/1Y1Ovn/1A3GPqUVEBERAREQEREBERAREQEREBERBeUul99pIBDFXuLG7uEY15H1kErJJprfpWFj6xrmneOBZt+5a+iC6odLLzb6RlNS1QZFGMNHBMP3kKR4caQfTW9SzsWuog2Lw40g+mt6lnYvMmml8mjdFNVh8TwWvaImDIO8ZxsWvog2eHTGVlzZWuo4y5sheWhxAOQQfuJVxJ3QKN9yiqRRT6rGFpGsM7VoCIN5r9P4ZD/VbXG5ryTI2o+UHbsbB6FRaOXSmpdLYrjVkQQa8j3arSQzWa7AAG3eQFRog6fdNOLMySKWnc+sGo9jmNa5hGdU5yQPJUJvdDo21BlFBNjBAbrDzdi56iDZdINMai7zAR08cUDMhgO128bSfqChxaV3uGMRw1zo427Gta1uB0hUyILZuk94bUuqW1rhM4arn6jckbNm7zBZTpffnAg3GQg7D8hvYqREG5W7ui3CnY2OtpoqprRjXBLHnzk7R9yuGd0S2GDUfBXNeG6oeGscd2/aRt+pc1RB05/dItOo7Upa0uxsBawAn06yWzTR93p7iGUXwd9NSPna7hS7JA3bguYrZNDvmXv8A02X8kG30V2nraKw1ErWa9XO9j8F2AAS7Zk/5BvyqK66b3Kku1ZTRwUxZDO+NpdwmSA4jbhyn2XxRor61J/B60rSD+8Nz9bl9soLvw/un0ek/E99PD+6fR6T8T31qiINiqtL6isa8VNuoJOEaGOJbJktByBnXzjIBUHvtT8y278X31VrcNEdFbfe7XJVVk1UyQTmICEjGNVp42nlQUffan5lt34vvp32p+Zbd+L76h3CBtLcKmnYSWRSuY0u34BI2qOgsn3SF2ri0UDMHJwJNvm2vXrvtT8y278X31Vog2Wm00rKWljpoKChZDGHNY0Nk2Bxyf8aru+1PzLbvxffVWiC077U/Mtu/F99eWXWBoINnt7tpOTwvLu+eq1EFp32p+Zbd+L76w1VwhqItRtso4D5cXCZ+95UFEBERAREQEREBERAREQEREBERAREQEREBERAREQEREBERAREQEREBERAWyaHfMvf+my/ktbWy6GNLheWtBLjbpQAN53ILmiq4aDR3RipqXasMdU8udjOB8oZVbcaDRuuuNTVjSPg+HldJqGkecEnOM7OVeaLSGzGwUltuttmqfg5c4FsmqMknkI5V8756H8wVP2h3vIMPebRz/ef/ALN/anebRz/ef/s39qzd89D+YKn7Q73l6utPYqvRZ9ytVBJSyx1LYna8jnZ2Z4yRx/cghttNiNS9h0iAhDQWyfBX5cSTkY82B0rZbDcNHrLRNpm3qOfFQZ9d1K8EZaBgcmwHb59y52ug6BU1DJY3yVdFTzF1YY9eWMEjLWADJHKUFNVW7R6rq5ql2kgjMz3SFnwR51cnOM8ayUNhsU0rhBd/h7w3Ih4B8XGOP7vrzxLXrs1rLvWsY0Na2d4AAwANYqIg6XR6P2httpNSninEgjLpSCS/LsEjO0A8iV9ktng3BUOtsUcojYctGCflMGSRvyCTt5VoFN3y+DE0vwvgAcEx62rn6tmVlnN5jghNQa9sLgOC4TXDSMZGrnzciCDMAJ5A1uqNY4bybdy8L0/W13cJnXz8rW35868oCIiAiIgIiICIiAiIgIiICIiAiIgIiICIiAiIgIiICIiAiIgIiICIiAiIgIiICsrHe6qxVb6mkbE572ahEjSRjIPERyKtRBs/hvWc2Wr7OfeTw3rObLV9nPvLWEQb3ozpNLdr9TUNTbrc2OXWyY4MEYaTxk8ipLJpBTW621FvrbY2tgllEmDJq4I+o8iaCf3vof8A5P8AxuVLJS1DJHsfBK1zSQQWEEFBeMvdjFZJM7R1hjcxrWxcOcNIzk7uPI6Ff2jSPFKe9GitQYGyEkwSuI18DOcN5ANi0LgJs44J+d/zSuh6APkprGA53Ba9c5uq4ga+WM2DO/jOAc7OPcgo5tILLw8nwnRhpn1jwhdOQS7O3OzflZKW/aPve5otEdvJAxMHGTHyhxY+v6vOqC8Qym81xETyDUSYOqfKKwU9vqql5ZFCcjBOsQ0bSBvOBvIQdDor9aX26k1KmGDUEYdE46uoQ7JG3elwvttbo5BA24QyT8HGA0HJBDmHBxuwAd/ItQp9ErpPTRzhkTGyhpYHv2kE4G5e59DrpBRRVTjAYpGtcMP2gEgDOz/MEFFO4unkcXBxLiSRx7V4XqRhjkcxxBLSQcbti8oCIiAiIgIiICIiAiIgIiICIiAiIgIiICIiAiIgIiICIiAiIgIiICIiAiIgIiICIiAiIgkUNbUW6sjq6STg5486rsA4yMHYdm4lXHhtpFzh+DH7q19EF23S6+NqX1Da0cK9oa53Ax5IGcD5vnKy+G2kXOH4MfurX0QX7dNdIWtDRcMADA/oY/dWWHTa7OcW10oq4SNsZa1nGONozuyPrWtog3Kn04YKSCOopHuliDAXNeMPLTnO7ZlfajTOkltMNAyjlYA1rXv1hsw5pJA4/m7tm9aYiD09wc9zgMAnOCvKIgIiICIiD//Z",true,2025-12-16T20:39:23.814Z,9abc5075-0dff-4634-b5b4-e8588c85b05d,"data:image/jpeg;base64,/9j/4AAQSkZJRgABAQAAAQABAAD/4gHYSUNDX1BST0ZJTEUAAQEAAAHIAAAAAAQwAABtbnRyUkdCIFhZWiAH4AABAAEAAAAAAABhY3NwAAAAAAAAAAAAAAAAAAAAAAAAAAAAAAAAAAAAAQAA9tYAAQAAAADTLQAAAAAAAAAAAAAAAAAAAAAAAAAAAAAAAAAAAAAAAAAAAAAAAAAAAAAAAAAAAAAAAAAAAAlkZXNjAAAA8AAAACRyWFlaAAABFAAAABRnWFlaAAABKAAAABRiWFlaAAABPAAAABR3dHB0AAABUAAAABRyVFJDAAABZAAAAChnVFJDAAABZAAAAChiVFJDAAABZAAAAChjcHJ0AAABjAAAADxtbHVjAAAAAAAAAAEAAAAMZW5VUwAAAAgAAAAcAHMAUgBHAEJYWVogAAAAAAAAb6IAADj1AAADkFhZWiAAAAAAAABimQAAt4UAABjaWFlaIAAAAAAAACSgAAAPhAAAts9YWVogAAAAAAAA9tYAAQAAAADTLXBhcmEAAAAAAAQAAAACZmYAAPKnAAANWQAAE9AAAApbAAAAAAAAAABtbHVjAAAAAAAAAAEAAAAMZW5VUwAAACAAAAAcAEcAbwBvAGcAbABlACAASQBuAGMALgAgADIAMAAxADb/2wBDABALDA4MChAODQ4SERATGCgaGBYWGDEjJR0oOjM9PDkzODdASFxOQERXRTc4UG1RV19iZ2hnPk1xeXBkeFxlZ2P/2wBDARESEhgVGC8aGi9jQjhCY2NjY2NjY2NjY2NjY2NjY2NjY2NjY2NjY2NjY2NjY2NjY2NjY2NjY2NjY2NjY2NjY2P/wAARCACuAZADASIAAhEBAxEB/8QAGwABAAIDAQEAAAAAAAAAAAAAAAQFAwYHAgH/xABSEAABAwMABAcKCgYHBwUAAAABAAIDBAURBhIhMRNBUVWRk9EHFRY1UmFxdLLSFBciMlSBlKGjwVNzkqKx8CMkMzZCYnU0VmRygqSzQ0WDtOH/xAAUAQEAAAAAAAAAAAAAAAAAAAAA/8QAFBEBAAAAAAAAAAAAAAAAAAAAAP/aAAwDAQACEQMRAD8A0Onglqp2QU8bpJXnDWNGSStlj7n98ewOc2nYT/hdLtHQFn7mzW9+KuUtBfHTEtJ4jkLf4RDFTCebLY5Gh5dru2Egb+3p84c7+L298tL1h7E+L298tL1h7F0vVgP+GXoevurB5M3Q9BzP4vb3y0vWHsT4vb3y0vWHsXShHTtADWSgDYAGv2L1qweTN0PQcz+L298tL1h7E+L298tL1h7F0zVg8mboemrB5M3Q9BzP4vb3y0vWHsT4vb3y0vWHsXTNWDyZuh6asHkzdD0HM/i9vfLS9YexPi9vfLS9YexdM1YPJm6HpqweTN0PQcz+L298tL1h7E+L298tL1h7F0ox0xcHGOQuAIB1X5A/kBfdWDyZeh6Dmnxe3vlpesPYnxe3vlpesPYumasHkzdD15xCXiNofruBIDi5uwYydvpHSg5r8Xt75aXrD2KJctDLzbaV1TJCyWJgy8xO1i0cuORdbp4RBC2IOc4N2DPEORZNhHKg4Aik3KJsFzqooxhkcz2tHIA4hRkBERAREQEREBERAREQEREBERAREQEREBERAREQEREBERAREQEREG49zbxnXeqn2guhw+LaX0R/kud9zc4uNef+FP8AELokPi2l9Ef5IJHB6oHBEM2jZjIx6OL+d6+tft1XDVd9x9BXtfCA4EOAIO8FB9ReCHtOWnI8k/kUa8O2bQ4DJad4Qe0REBERAREQEREBRJPG1P8AqJfajUtRJPG1P+ol9qNBnni4enki13x8I0t14zhzcjGQeIrDQUho4ntLmEvfrkRs1GN2AYa3JxsA495JWeR4jjc92sQ0EkNaXH6gNp9AUe218VypG1MDJmxu3cLGWE7Admd427xsQcWvHjmu9Yk9oqGpl48c13rEntFQ0BERAREQEREBERAREQEREBERAREQEREBERAREQEREBERAREQEREG49zbxlX+qn+IXQ4dltpcckX5Lnnc28Z13qp9oLocPi6l9Ef5IJiIiAvLmtdjWGcbvMvSIMfy2YG17eM8Y2/z0ca9Nc14y0g8XoXpYqiIyxlrXBriN5GRuOMjIyPMgyoocctRDLKyZhkYMGMt3uznZ6dnLyk4GFIimjmbmN4cPN/H0ch40GRERAREQFEk8bU/6iX2o1LUSTxtT/qJfajQSgAM4G/eiw1sUlRQ1EMMpilkjcxkgOCwkYB2cihWCgrLdQvhr611ZKZC4SOc4kDAGNpPIelBx+8eOa71iT2ioamXjxzXesSe0VDQEREBERAREQEREBERAREQEREBERAREQEREBERAREQEVtSaNXatomVlPSh8Dw5zXcKwZDTg7Cc8SqUBERAREQbj3NvGdd6qfaC6HD4upfRH+S553Ntlyr/AFU/xC6HD4upfRH+SCYiIgIiICIiD4sZh1cmLVY4g7dXIJxsJ4zu5VlRBj4TBDXjVJ3cYP1/Wsi+LwIyzAjIDRgap3Aebk4uhBkReQ8F2qdjuQr0gKJJ42p/1EvtRqWoknjan/US+1GgkucGNLnHDQMkrFSVTKuNz2NlZqu1S2SMsI+o+YgrOiDhd48c13rEntFQ1MvHjmu9Yk9oqGgIiICIiAiIgIiICIiAiIgIiICIiAiIgLKyFr4g7hmNOthzXZ2DZt8+/cNuxYkQSquiNM0OFRBOC4tPAv1sYxtOzcc7PQVhZTzSML44ZHsGcua0kDG9fZ6iSd7XPxlrQwaoA2AYH3ca2LRnSeCzQ/08UksofI7IA26wZjbnYctOTg7MINZLXN+cCPSF8W8VulhvnCimZV0T4aeSQOiqMAkDO0Abelau2+3ZmdW41LcnJxIRk8qDomimPA2jzq54Goxt2/PPF/PEuVrdbbbr5crXFcG6QOjLmvLY3SO1gAXA9OoejzLXPCC8c51fWlBWorLwgvHOdX1pXlt9uzAQy41TQSScSned5QV6AE7lZeEF45zq+tKw1V1uFZHwdVWzzMznVfISMoNk7m4zcq8f8Kf4hdEh8W0ueSL8lzzubeM671U+0F0KE5oaSNuC8sY4NzjYMEn+HSEE1Fj1pP0f7ya0n6P95BkRY9aT9H+8mtJ+j/eQZEWPWk/R/vLxFO6Zge2IgEA7TjeM/mgzosLZi9z2ta1xYdVwDwdU4BwfqIP1r1rSfo/3kGRFgjmfI3Iixu3uHJn8171pP0f7yD05oc3DhsXkh7MkZe3yeMbOLl4t/SmtJ+j/AHk1pP0f7yD01wduO3k41Gk8bU/6iX2o1ldru2mLBG4h20fzhRw2cV8Us2oI2sfG0gnJLi0jOzA+advnCCY5uu1zXE4ds+SSCB6QsdLTimjLBLLJk5LpXlx/n+d5JWR5cGOLBl2Ng86+8qDhl48c13rEntFQ1MvHjmu9Yk9oqGgIiICIiAiIgIiICIiAiIgIiICIiAiIgIiICIiCxsv9pWepy+ysbLRcXsa9lFOWvAc0hhwQdxWSy/2lZ6nL7KXv/aaf1SD/AMbUG9aPULorLRSTOZHJDBKwxvOHAl0nF/1DH1rQu81y+gz/ALBWy2PRW2XCwsramapjmcxzgGyM1SQ5wAxq5/w9i0xBO7zXL6DP+wV8FouLt1FOduPmFQkQTu81y+gz/sFY5rbW07NealljZyubgKKiDbO5zURRXyaCRwaaiBzGE8bsg46AVv4rXUOITQVspa0DWijDm4A2DOR9fnJXFN25WI0gvDRgXWtx+vd2oOt9+Xc13HqR2p35dzXcepHauS+EN551rOud2p4Q3nnWs653ag6u2+PJx3mugHKYm+8vffl3Ndx6kdq5L4Q3nnWs653anhDeedazrndqDrXfl3Ndx6kdqqa+KK6Wuno6y3XZoic2TMTG/OAPGSdm0rnfhDeedazrndqeEN551rOud2oN8ba6FrnllvvLWP2FgjZjV1Q0tHGAWjBwduzO4YyUVFS0dfHWtobzJPG+R+s+KP5Tn/OJxhc/8IbzzrWdc7tTwhvPOtZ1zu1B1aG6vj1wbZcTlxI/oQMDk3rJ35dzXcepHauS+EN551rOud2p4Q3nnWs653ag6w69vbjFoubs8kLfzcvrb04jJtNyb5jE33lybwhvPOtZ1zu1W+it3udZpHR09TcauSJ7iHMMzsH5J86Doffl3Ndx6kdq+Ou5c0tNruWCMbIgD06y0LTO63Gg0kqKekuFVFC1rCGNmdgZaDyqj8IbzzrWdc7tQdopnSuhBmbh3FykcpHEfMhcylp3PnmOozLnPkIGBnP/AOLi/hDeedazrndqw1d2uNbEIquuqJ4wdbVkkLhlBjuEzKm41M8edSWV72534JJCjoiAiIgIiICIiAiIgIiICIiAiIgIiICmC015APwZ+CARnG47QoauauhluN9+DxPjYeAjcXyu1WtAiaSSeLcgh96a76M7pCd6a76M7pCneDT+d7P9tang0/nez/bWoIAtVcRkU7uTiX3vTXfRndIUt+jz2Pjb30tTtd2Mtq2kN2E5PINmPSQvfg0/nez/AG1qDzbaKppfhkk8RjZ8ElGSRvLdgXuqt7q+rbiohp2Q0FPI98xIaBqMbxA8bgvng0/nez/bWqRWBjO+kbJopuDttPGXxPD2ktfCDgjzhBsFlr7XRWNlFU3tmvGDqtic4MzrOO/GSDrDI8y1HvNDz1bP2pPcW46O2a3VGidJUTUNPJK9kuvI8fKOC7GOgLnKC17zQ89Wz9qT3F5ZaInAk3i3NwSNrpNvn+YqxEFr3mh56tn7UnuLBWW+OliD23GjqCTjUhLyfvaFBRAREQEREBERAREQEREBERAV5oX/AHsoP+d3slUattFamKj0koZ53BkbZMFx3DIIyelBN0//AL2VX/Kz2QtcXUNNtFJ7zKyuoXNNQyPUdE441wDkYPLtO9acdCtIR/7ceuj95BQIrii0VvVfSsqaWiMkMgy13CMGekrP4FaQ83Hro/eQUCK/8CtIebj10fvLzLodfoYnyy0OrGwFznGVhwBvOwoKJFfw6JVktzZQ/CaXXMhYS1xIGASeLzK6f3PWsr4qU3MnXYXa3AbsebWQaMi3aq7nU+u1tBcYJiMiThQWapGNmzW5fMqXR60xVGlsVsr2iSNskjJA1xAJa1247DvCCjRdLuugdrlnhZRyOoRqPe9xJkBALeU7N/KoLe51G6oMQujsYJ1uB9H+bzoNCRbDfNEayzzgGaKWBwJZJnBIyBtHEdo6VXiw3Z41o7dVSMO57InFp9BwghQQvqKiOGPGvI4MbnlJwFf1Og95paWWolZCI4mF7sSZ2AZKi2yz3KG80PC0FSw8Ow4dGQcA5J6AegrrN7Y6Sx3BjGlz3U0ga0DJJ1TsQcNRbZbNALnWwMmqJI6Rr/8ABICXj0tx+aumdzejEQD6+Z0urnAa1oP8fzQc5RdJf3NqLUdqV1RrY2ZDcZVf8WtTzlD1Z7UGjIt3f3OpY3Na+7U7XP2NBYQT6NqqpdDq6KV8ZqaTLXFp+U7i/wClBrq2Nvjur/013/1wsfgjW/SaT9p3uqc+31MV0q5yzMPwF8QeCPlO4DVwBv3jG5BHpjFHbonvZG2OGiE7i2nje57jOWb3DzjoWDvtQeQ77HB2LK9rmWaVr2lrha25BGCP62FriC8N0oTI12o/YCP9kg83mXrvtQeQ77HB2KhRBfd9qDyHfY4OxfJbpQywSQ/07GSgB/B08LCQCDjIHKB0KiRBult0kpqO2UtNFRVskdOyVofqj5WuTt2bNmVrWLRy13QztXQ9F3NbohbwZS1zoqgBmdjvlO2448fmuWoJ+LRy13QztQC08bq3oZ2qAiCfi0ctd0M7ViqPgHB/1Y1Ovn/1A3GPqUVEBERAREQEREBERAREQEREBERBeUul99pIBDFXuLG7uEY15H1kErJJprfpWFj6xrmneOBZt+5a+iC6odLLzb6RlNS1QZFGMNHBMP3kKR4caQfTW9SzsWuog2Lw40g+mt6lnYvMmml8mjdFNVh8TwWvaImDIO8ZxsWvog2eHTGVlzZWuo4y5sheWhxAOQQfuJVxJ3QKN9yiqRRT6rGFpGsM7VoCIN5r9P4ZD/VbXG5ryTI2o+UHbsbB6FRaOXSmpdLYrjVkQQa8j3arSQzWa7AAG3eQFRog6fdNOLMySKWnc+sGo9jmNa5hGdU5yQPJUJvdDo21BlFBNjBAbrDzdi56iDZdINMai7zAR08cUDMhgO128bSfqChxaV3uGMRw1zo427Gta1uB0hUyILZuk94bUuqW1rhM4arn6jckbNm7zBZTpffnAg3GQg7D8hvYqREG5W7ui3CnY2OtpoqprRjXBLHnzk7R9yuGd0S2GDUfBXNeG6oeGscd2/aRt+pc1RB05/dItOo7Upa0uxsBawAn06yWzTR93p7iGUXwd9NSPna7hS7JA3bguYrZNDvmXv8A02X8kG30V2nraKw1ErWa9XO9j8F2AAS7Zk/5BvyqK66b3Kku1ZTRwUxZDO+NpdwmSA4jbhyn2XxRor61J/B60rSD+8Nz9bl9soLvw/un0ek/E99PD+6fR6T8T31qiINiqtL6isa8VNuoJOEaGOJbJktByBnXzjIBUHvtT8y278X31VrcNEdFbfe7XJVVk1UyQTmICEjGNVp42nlQUffan5lt34vvp32p+Zbd+L76h3CBtLcKmnYSWRSuY0u34BI2qOgsn3SF2ri0UDMHJwJNvm2vXrvtT8y278X31Vog2Wm00rKWljpoKChZDGHNY0Nk2Bxyf8aru+1PzLbvxffVWiC077U/Mtu/F99eWXWBoINnt7tpOTwvLu+eq1EFp32p+Zbd+L76w1VwhqItRtso4D5cXCZ+95UFEBERAREQEREBERAREQEREBERAREQEREBERAREQEREBERAREQEREBERAWyaHfMvf+my/ktbWy6GNLheWtBLjbpQAN53ILmiq4aDR3RipqXasMdU8udjOB8oZVbcaDRuuuNTVjSPg+HldJqGkecEnOM7OVeaLSGzGwUltuttmqfg5c4FsmqMknkI5V8756H8wVP2h3vIMPebRz/ef/ALN/anebRz/ef/s39qzd89D+YKn7Q73l6utPYqvRZ9ytVBJSyx1LYna8jnZ2Z4yRx/cghttNiNS9h0iAhDQWyfBX5cSTkY82B0rZbDcNHrLRNpm3qOfFQZ9d1K8EZaBgcmwHb59y52ug6BU1DJY3yVdFTzF1YY9eWMEjLWADJHKUFNVW7R6rq5ql2kgjMz3SFnwR51cnOM8ayUNhsU0rhBd/h7w3Ih4B8XGOP7vrzxLXrs1rLvWsY0Na2d4AAwANYqIg6XR6P2httpNSninEgjLpSCS/LsEjO0A8iV9ktng3BUOtsUcojYctGCflMGSRvyCTt5VoFN3y+DE0vwvgAcEx62rn6tmVlnN5jghNQa9sLgOC4TXDSMZGrnzciCDMAJ5A1uqNY4bybdy8L0/W13cJnXz8rW35868oCIiAiIgIiICIiAiIgIiICIiAiIgIiICIiAiIgIiICIiAiIgIiICIiAiIgIiICsrHe6qxVb6mkbE572ahEjSRjIPERyKtRBs/hvWc2Wr7OfeTw3rObLV9nPvLWEQb3ozpNLdr9TUNTbrc2OXWyY4MEYaTxk8ipLJpBTW621FvrbY2tgllEmDJq4I+o8iaCf3vof8A5P8AxuVLJS1DJHsfBK1zSQQWEEFBeMvdjFZJM7R1hjcxrWxcOcNIzk7uPI6Ff2jSPFKe9GitQYGyEkwSuI18DOcN5ANi0LgJs44J+d/zSuh6APkprGA53Ba9c5uq4ga+WM2DO/jOAc7OPcgo5tILLw8nwnRhpn1jwhdOQS7O3OzflZKW/aPve5otEdvJAxMHGTHyhxY+v6vOqC8Qym81xETyDUSYOqfKKwU9vqql5ZFCcjBOsQ0bSBvOBvIQdDor9aX26k1KmGDUEYdE46uoQ7JG3elwvttbo5BA24QyT8HGA0HJBDmHBxuwAd/ItQp9ErpPTRzhkTGyhpYHv2kE4G5e59DrpBRRVTjAYpGtcMP2gEgDOz/MEFFO4unkcXBxLiSRx7V4XqRhjkcxxBLSQcbti8oCIiAiIgIiICIiAiIgIiICIiAiIgIiICIiAiIgIiICIiAiIgIiICIiAiIgIiICIiAiIgkUNbUW6sjq6STg5486rsA4yMHYdm4lXHhtpFzh+DH7q19EF23S6+NqX1Da0cK9oa53Ax5IGcD5vnKy+G2kXOH4MfurX0QX7dNdIWtDRcMADA/oY/dWWHTa7OcW10oq4SNsZa1nGONozuyPrWtog3Kn04YKSCOopHuliDAXNeMPLTnO7ZlfajTOkltMNAyjlYA1rXv1hsw5pJA4/m7tm9aYiD09wc9zgMAnOCvKIgIiICIiD//Z",,
d9bW0mHfQ1hkRQrmvOO5,Product,5288,UDS-CBL002,Stok Malzemesi,1,Depo,A1,Brigade Electronics,UDS-CBL002,5288,5288,,,,,,,,,,,,,,,
dO9gCQBbnpBO8Up6JSfh,Product,5802,BN360-1000C,Stok Malzemesi,4,Depo,A1,Brigade Electronics,BN360-1000C,5802,5802,,,,,,,,,,,,,,,
dUaAbS1QuqePj3WxgnLh,Product,7508,VBV-AI810,Stok Malzemesi,4,Depo,A1,Brigade Electronics,VBV-AI810,7508,7508,,,,,,,,,,,,,,,
dwsEdWRPE8glJBq7HPh9,Product,3719,,,,,,,,,,Aksesuar,,,,,,,,,,,,,,
dyKr5zB8mYjUaKl166rN,Product,5522,,,,,,,,,,Kablo,,,,,,,,,,,,,,
e0v8zDrdcausf5Ax2bkz,Product,6582,MDR-644,Stok Malzemesi,1,Depo,A1,Brigade Electronics,MDR-644,6582,6582,,,,,,,,,,,,,,,
e1MXzJbg53hGa5fyjbw5,Product,5803,BN360-VO-01,Stok Malzemesi,1,Depo,A1,Brigade Electronics,BN360-VO-01,5803,5803,,,,,,,,,,,,,,,
eZEYST3KRN1BAYHTsGs3,Product,4267,AC-055,Stok Malzemesi,10,Depo,A1,Brigade Electronics,AC-055,4267,4267,,,,,,,,,,,,,,,
ea5aSLeghvWJJ02x5NLA,Product,S5201,BN360-200-ECU,Stok Malzemesi,1,Depo,A1,Brigade Electronics,BN360-200-ECU,S5201,S5201,,,,,,,,,,,,,,,
eerxqSu7opfaFvNTEitq,Product,BS-00NYC,,,,,,,,,,Sensor,,,,,,,,,,,,,,
es6peFj4QyrWw72CmGhA,Product,4043,DW-1000TX,Stok Malzemesi,1,Depo,A1,Brigade Electronics,DW-1000TX,4043,4043,,,,,,,,,,,,,,,
f7q8vJM0OJGI3Da8BADl,Product,6582,,,,,,,,,,Sistem,,,,,,,,,,,,,,
g6F9ueMEl9nYKY1sekJS,Product,5811,BN360-H310,Stok Malzemesi,11,Depo,A1,Brigade Electronics,BN360-H310,5811,5811,,,,,,,,,,,,,,,
gTmzunDMipEth4WlPphW,Product,5863,UDS-CAN-ECU,Stok Malzemesi,2,Depo,A1,Brigade Electronics,UDS-CAN-ECU,5863,5863,,,,,,,,,,,,,,,
gXPEQSNEk5SQ8I6d9vxc,Product,A1499,,,,,,,,,,Kablo,,,,,,,,,,,,,,
h9N6RlbEyocDaLnfPfc2,Product,6292,,,,,,,,,,Sistem,,,,,,,,,,,,,,
hANiNys3gd4qKhl6pCqW,Product,2724D,VBV-790C,Stok Malzemesi,1,Depo,A1,Brigade Electronics,VBV-790C,2724D,2724D,,,,,,,,,,,,,,,
hFUcwyPLQjMyqCW2VUfy,Product,5623,UDS-7.0SC,Stok Malzemesi,57,Depo,A1,Brigade Electronics,UDS-7.0SC,5623,5623,,,,,,,,,,,,,,,
hJvkBpH76Hj0i8uvpCZM,Product,A2099,BE-X005,Stok Malzemesi,1,Depo,A1,Brigade Electronics,BE-X005,A2099,A2099,,,,,,,,,,,,,,,
hRcBLpgjAeoYWeTuSq9h,Product,4903,AC-305,Stok Malzemesi,10,Depo,A1,Brigade Electronics,AC-305,4903,4903,,,,,,,,,,,,,,,
hoxIytXCTKeRu7RbsnfJ,Product,7490,VBV-AI805,Stok Malzemesi,10,Depo,A1,Brigade Electronics,VBV-AI805,7490,7490,,,,,,,,,,,,,,,
i52kewDIqMdu5PpKUF7P,Product,7491,VBV-AI820,Stok Malzemesi,2,Depo,A1,Brigade Electronics,VBV-AI820,7491,7491,,,,,,,,,,,,,,,
i6hRTyIomiLVPc0u2sQk,Product,5522,VBV-H4025,Stok Malzemesi,1,Depo,A1,Brigade Electronics,VBV-H4025,5522,5522,,,,,,,,,,,,,,,
iJkLe8mDeJxhbzJJ2orq,Product,6648,AC-H305,Stok Malzemesi,9,Depo,A1,Brigade Electronics,AC-H305,6648,6648,,,,,,,,,,,,,,,
ib3a6dO2R7MWKnLEyrMN,Product,5803,BN360-VO-01,Stok Malzemesi,1,Depo,A1,Brigade Electronics,BN360-VO-01,5803,5803,,,,,,,,,,,,,,,
ijwO7oOCru9Uq7rKFf2r,Product,3720,UDS-4.5SC,Stok Malzemesi,9,Depo,A1,Brigade Electronics,UDS-4.5SC,3720,3720,,,,,,,,,,,,,,,
izPDBvqcQC8wwcxYVlXu,Product,5516,VBV-H410,Stok Malzemesi,2,Depo,A1,Brigade Electronics,VBV-H410,5516,5516,,,,,,,,,,,,,,,
j3NreTh3FPWly86ataoe,Product,3044A,,,,,,,,,,Sensor,,,,,,,,,,,,,,
jSkG48caXImOaRpENHQk,Product,UDS-000HSS,UDS-000HSS,Stok Malzemesi,20,Depo,A1,Brigade Electronics,UDS-000HSS,3718,UDS-000HSS,,,,,,,,,,,,,,,
jjl5WLP38WETqv3v8mCS,Product,A2099,BE-X005,Stok Malzemesi,1,Depo,A1,Brigade Electronics,BE-X005,A2099,A2099,,,,,,,,,,,,,,,
kWTlUJKvARhpJVhpMupn,Product,7088,DW-2000TX,Stok Malzemesi,3,Depo,A1,Brigade Electronics,DW-2000TX,7088,7088,,,,,,,,,,,,,,,
lKuxpcmJeXNR8BvmCYkp,Product,3720,,,,,,,,,,Aksesuar,,,,,,,,,,,,,,
lcdTgM4nG7KK9GP3HvN2,Product,4485,BN360-100C,Stok Malzemesi,1,Depo,A1,Brigade Electronics,BN360-100C,4485,4485,,,,,,,,,,,,,,,
lg6O6aPHVnCgBILackQ7,Product,7321,VBV-2220C-AI-D04,Stok Malzemesi,1,Depo,A1,Brigade Electronics,VBV-2220C-AI-D04,7321,7321,,,,,,,,,,,,,,,
m0b7eJIF6CKAZOiOg0Sr,Product,3044A,SS-002,Stok Malzemesi,1,Depo,A1,Brigade Electronics,SS-002,3044A,3044A,,,,,,,,,,,,,,,
mCR7gb3IMBRjEt4NH45b,Product,5863,,,,,,,,,,Aksesuar,,,,,,,,,,,,,,
mJlWFxulLfXHe8y6hG4v,Product,BS-9001T,BS-9001T,Stok Malzemesi,1,Depo,A1,Brigade Electronics,BS-9001T,,BS-9001T,,,,,,,,,,,,,,,
mLutevzxomWhMxkpUdPK,Product,4489,,,,,,,,,,Sistem,,,,,,,,,,,,,,
mYL6QaoPGlJhI5CnMRXa,Product,5517,VBV-H407,Stok Malzemesi,1,Depo,A1,Brigade Electronics,VBV-H407,5517,5517,,,,,,,,,,,,,,,
mi2wjBaGXLGSQMaXEGYn,Product,7508,VBV-AI810,Stok Malzemesi,4,Depo,A1,Brigade Electronics,VBV-AI810,7508,7508,,,,,,,,,,,,,,,
mqnxXQO6j7769nPf3g4t,Product,4569A,VBV-7XXFM-CA,Stok Malzemesi,1,Depo,A1,Brigade Electronics,VBV-7XXFM-CA,4569A,4569A,,,,,,,,,,,,,,,
mzo9BQIIVHA7IGDyuNFq,Product,6296,,,,,,,,,,Diğer,,,,,,,,,,,,,,
n3hVjU5In7qfJCxymFDE,Product,5677,UDS-8.0SC,Stok Malzemesi,1,Depo,A1,Brigade Electronics,UDS-8.0SC,5677,5677,,,,,,,,,,,,,,,
nqKAR7WBwdeCfEisQMtq,Product,5793,,,,,,,,,,Sistem,,,,,,,,,,,,,,
o5fNhhoHKEjhhqjJd0Na,Product,5800A,,,,,,,,,,Sistem,,,,,,,,,,,,,,
oPWo9wV1zUEVVxpRLGTZ,Product,UDS-00HSS,UDS-00HSS,Stok Malzemesi,1,Depo,A1,Brigade Electronics,UDS-00HSS,3718,UDS-00HSS,,,,,,,,,,,,,,,
oRc6ABb4YqZ2sC2kG5Za,Product,4910A,DMC-1025,Stok Malzemesi,1,Depo,A1,Brigade Electronics,DMC-1025,4910A,4910A,,true,,,,,,,,,,,,,
pLh4CSGeo3fD1uEz9tJl,Product,S3702,,,,,,,,,,Kablo,,,,,,,,,,,,,,
pU9656psRWk0rJ94mXvV,Product,4043,,,,,,,,,,Diğer,,,,,,,,,,,,,,
paZcGsO1Zq82wnZhPsbx,Product,S3702,AC-035,Stok Malzemesi,10,Depo,A1,Brigade Electronics,AC-035,S3702,S3702,,,,,,,,,,,,,,,
ppMTfVCqersSPX6RD2ht,Product,2724D,,,,,,,,,,Diğer,,,,,,,,,,,,,,
pw8jExjlWaoMezFrIdLZ,Product,4864,,,,,,,,,,Sistem,,,,,,,,,,,,,,
qO0AHNI9Rlbdsw5TSj5q,Product,5611,VBV-770HM,Stok Malzemesi,,Depo,A1,Brigade Electronics,VBV-770HM,5611,5611,,,,,,,,,,,,,,,
qYQQMZfg933T8NA1h52b,Product,4489,BN360-CP-01,Stok Malzemesi,1,Depo,A1,Brigade Electronics,BN360-CP-01,4489,4489,,,,,,,,,,,,,,,
qsuWV5aY9IAF1Y0JVVSy,Product,3176B,VBV-7X0M-CA,Stok Malzemesi,1,Depo,A1,Brigade Electronics,VBV-7X0M-CA,3176B,3176B,,,,,,,,,,,,,,,
qydObeDAkAbw9BJaA58g,Product,5793,BN360-INT-01,Stok Malzemesi,1,Depo,A1,Brigade Electronics,BN360-INT-01,5793,5793,,,,,,,,,,,,,,,
rdDqxwWFPHXYIpMFL7eh,Product,3726,UDS-00SM,Stok Malzemesi,20,Depo,A1,Brigade Electronics,UDS-00SM,3726,3726,,,,,,,,,,,,,,,
rh8ATXZ4ccbMVvHc1YrJ,Product,A0990,BC-VI-2 MASTER,Stok Malzemesi,6,Depo,A1,Brigade Electronics,BC-VI-2 MASTER,A0990,A0990,,,,,,,,,,,,,,,
s0uAseNwzUoVa2tAh2MH,Product,3176B,VBV-7X0M-CA,Stok Malzemesi,1,Depo,A1,Brigade Electronics,VBV-7X0M-CA,3176B,3176B,,,,,,,,,,,,,,,
sAFx0KmswLtauYzMQZw2,Product,UDS-000HSS,UDS-000HSS,Stok Malzemesi,20,Depo,A1,Brigade Electronics,UDS-000HSS,3718,UDS-000HSS,,,,,,,,,,,,,,,
sD76eXmaoffgUDaaCnUz,Product,F3154,VBV-L4005,Stok Malzemesi,10,Depo,A1,Brigade Electronics,VBV-L4005,F3154,F3154,,,,,,,,,,,,,,,
siU8tRZpuoOFWil3VyjP,Product,6293,DC-IR-CAM,Stok Malzemesi,4,Depo,A1,Brigade Electronics,DC-IR-CAM,6293,6293,,,,,,,,,,,,,,,
sqkajz1k7DnGvOC3LOjN,Product,4903,AC-305,Stok Malzemesi,10,Depo,A1,Brigade Electronics,AC-305,4903,4903,,,,,,,,,,,,,,,
stJzlr5QRPQTadeH2SsC,Product,5517,VBV-H407,Stok Malzemesi,1,Depo,A1,Brigade Electronics,VBV-H407,5517,5517,,,,,,,,,,,,,,,
t0d3NQMHUGxs0xAVEySP,Product,7145,VBV-3120C,Stok Malzemesi,4,Depo,A1,Brigade Electronics,VBV-3120C,7145,7145,,,,,,,,,,,,,,,
tYouhkWCrSJQctS7eEn5,Product,3044A,SS-002,Stok Malzemesi,1,Depo,A1,Brigade Electronics,SS-002,3044A,3044A,,,,,,,,,,,,,,,
tcfDhKRQ90fV0VbgM7rM,Product,A3747,FS-4000W,Stok Malzemesi,1,Depo,A1,Brigade Electronics,FS-4000W,A3747,A3747,,,,,,,,,,,,,,,
u7PdpRffxY6XIKFQ84Ur,Product,5810,BN360-H315,Stok Malzemesi,1,Depo,A1,Brigade Electronics,BN360-H315,5810,5810,,,,,,,,,,,,,,,
uMEosof9P0I9vOQkWL6M,Product,4864,BN360-100C-MK,Stok Malzemesi,1,Depo,A1,Brigade Electronics,BN360-100C-MK,4864,4864,,,,,,,,,,,,,,,
ukHncOTCzivpZwIGTvWD,Product,AC-014,AC-014,Stok Malzemesi,10,Depo,A1,Brigade Electronics,AC-014,,AC-014,,,,,,,,,,,,,,,
ut9du1YgIXg3BM6WQCRg,Product,5466,,,,,,,,,,Diğer,,,,,,,,,,,,,,
vKRTytWmeNjudKm0NPHP,Product,UDS-00HSS,UDS-00HSS,Stok Malzemesi,1,Depo,A1,Brigade Electronics,UDS-00HSS,3718,UDS-00HSS,,,,,,,,,,,,,,,
vKrY0SSXzL9UMcF0a4oh,Product,A0991,BC-VI-2 SLAVE,Stok Malzemesi,,Depo,A1,Brigade Electronics,BC-VI-2 SLAVE,A0991,A0991,,,,,,,,,,,,,,,
vphrJWX5VWUtUyoRUHZz,Product,7491,,,,,,,,,,Diğer,,,,,,,,,,,,,,
wCYS35CLfiSBCrUh6t9A,Product,5677,UDS-8.0SC,Stok Malzemesi,1,Depo,A1,Brigade Electronics,UDS-8.0SC,5677,5677,,,,,,,,,,,,,,,
wUP5B88CPGpOSNUtLDZF,Product,S5201,BN360-200-ECU,Stok Malzemesi,1,Depo,A1,Brigade Electronics,BN360-200-ECU,S5201,S5201,,,,,,,,,,,,,,,
wxUPwE9vJJYGIyEb3lpS,Product,5516,,,,,,,,,,Kablo,,,,,,,,,,,,,,
wyRzIrQitC6tJwZyqWKu,Product,4494,BN360-L1025,Stok Malzemesi,5,Depo,A1,Brigade Electronics,BN360-L1025,4494,4494,,,,,,,,,,,,,,,
xUG64Dxi3La0mmC7zl1X,Product,4498,,,,,,,,,,Sistem,,,,,,,,,,,,,,
xlATkn2eOcrgaDU29gpm,Product,A0991,BC-VI-2 SLAVE,Stok Malzemesi,,Depo,A1,Brigade Electronics,BC-VI-2 SLAVE,A0991,A0991,,,,,,,,,,,,,,,
y0EKywPg8CE0T8t0YugI,Product,5288,,,,,,,,,,Aksesuar,,,,,,,,,,,,,,
yPoxRLrm4KTOcLRdIOXZ,Product,S5802A,BN360-1000C,Stok Malzemesi,6,Depo,A1,Brigade Electronics,BN360-1000C,S5802A,S5802A,,,,,,,,,,,,,,,
yUuDP7FmJiFGxgnUkNIS,Product,A0990,BC-VI-2 MASTER,Stok Malzemesi,6,Depo,A1,Brigade Electronics,BC-VI-2 MASTER,A0990,A0990,,,,,,,,,,,,,,,
yYj8zXC1d2l2lwrxdPC8,Product,A1386,,,,,,,,,,Kablo,,,,,,,,,,,,,,
zDZNBfqSXC2HdcCDEmsT,Product,7490,VBV-AI805,Stok Malzemesi,10,Depo,A1,Brigade Electronics,VBV-AI805,7490,7490,,,,,,,,,,,,,,,
zb1AMub05uXTYSp8jy81,Product,A1386,VBV-L410,Stok Malzemesi,3,Depo,A1,Brigade Electronics,VBV-L410,A1386,A1386,,true,,,,,,,,,,,,,
zf3WpHuL7fEnFXFOAn5D,Product,A3747,,,,,,,,,,Diğer,,,,,,,,,,,,,,
48kejbXzR5IY8ZwJe7mZ,Equipment,,ESP32 DevKit,Demirbaş,2,Atölye,11,Espressiff,ESP32-WROOM-32D,,1111111,,,,,,,Microcontroller,,,,,,,,
kopjXldkEIjQMo1qMBnS,Equipment,,ESP32-S3 DevKit,Demirbaş,1,Atölye,11,Espressiff,ESP32-S3 ,,1111111,,,,,,,Microcontroller,,,,,,,,